Ticker,Price_to_Earnings,Dividend_Yield,Dividend_Date,UNIX_Div_Date
MSFT,38.630817,NULL,NULL,NULL
AAPL,31.249592,NULL,NULL,NULL
GOOGL,27.98853,NULL,NULL,NULL
GOOG,28.346745,NULL,NULL,NULL
AMZN,81.32984,NULL,NULL,NULL
NVDA,78.691795,0.00029999999,05-12-2023,1701734400
META,33.78414,NULL,NULL,NULL
BRK-B,10.449601,NULL,NULL,NULL
BRK-A,10.570824,NULL,NULL,NULL
TSLA,68.44839,NULL,NULL,NULL
LLY,113.66727,0.0083,14-02-2024,1707868800
JPM,10.49353,0.0247,04-01-2024,1704326400
V,32.677925,0.0077,08-11-2023,1699401600
TSM,22.304688,0.0168,18-03-2024,1710720000
AVGO,36.769886,0.0173,19-12-2023,1702944000
UNH,21.095936,0.0149,01-12-2023,1701388800
NVO,43.836063,0.0095999995,18-08-2023,1692316800
NONOF,44.1358,0.0095999995,18-08-2023,1692316800
WMT,27.018303,0.0139999995,07-12-2023,1701907200
MA,38.013927,0.006,08-01-2024,1704672000
XOM,9.627606,0.0392,14-11-2023,1699920000
JNJ,30.277151,0.0294,16-02-2024,1708041600
HD,23.261232,0.0231,29-11-2023,1701216000
LVMUY,20.841728,0.0188,30-11-2023,1701302400
LVMHF,20.833334,0.0164,04-12-2023,1701648000
TCTZF,12.5800705,0.0087,22-05-2023,1684713600
TCEHY,12.530249,0.0087,18-05-2023,1684368000
JPM-PC,1.8758345,NULL,NULL,NULL
JPM-PD,1.8602581,NULL,NULL,NULL
LTMAY,0.3005025,NULL,NULL,NULL
BAC,10.46104,0.0298,30-11-2023,1701302400
BAC-PK,7.0631757,NULL,NULL,NULL
COST,47.37355,0.0058999998,01-02-2024,1706745600
NSRGF,26.91127,0.0295,24-04-2023,1682294400
NSRGY,26.983173,0.0295,24-04-2023,1682294400
BML-PG,6.0045533,NULL,NULL,NULL
MRK,66.05,0.025899999,14-12-2023,1702512000
BAC-PE,6.437109,NULL,NULL,NULL
ORCL,30.29558,0.0146,10-01-2024,1704844800
BML-PL,6.25498,NULL,NULL,NULL
BML-PH,5.8878775,NULL,NULL,NULL
BAC-PL,331.53104,NULL,NULL,NULL
ABBV,45.019127,0.0376,15-01-2024,1705276800
ASMLF,35.850407,0.0086,01-11-2023,1698796800
ASML,36.104336,0.0081,01-11-2023,1698796800
ADBE,51.82627,NULL,NULL,NULL
CVX,10.559763,0.0425,16-11-2023,1700092800
TOYOF,10.420726,NULL,NULL,NULL
TM,10.419003,0.02,28-09-2023,1695859200
KO,24.222673,0.0308,30-11-2023,1701302400
AMD,1742.2999,NULL,NULL,NULL
BML-PJ,6.2862835,NULL,NULL,NULL
BAC-PB,7.171315,NULL,NULL,NULL
LRLCY,39.504242,0.014099999,24-04-2023,1682294400
LRLCF,39.2115,0.0143,26-04-2023,1682467200
RHHVF,17.981358,0.0361,16-03-2023,1678924800
FMX,33.5804,0.0155,03-11-2023,1698969600
PEP,27.63,0.0298,30-11-2023,1701302400
RHHBY,17.939087,0.036199998,16-03-2023,1678924800
RHHBF,19.125475,0.0339,16-03-2023,1678924800
NVS,28.038862,0.0323,09-03-2023,1678320000
ACN,33.663273,0.014199999,17-01-2024,1705449600
NVSEF,27.720207,0.0321,09-03-2023,1678320000
IDCBY,3.389706,0.0912,06-07-2023,1688601600
MCD,26.525154,0.0222,30-11-2023,1701302400
NFLX,48.102592,NULL,NULL,NULL
TMO,36.109295,0.0025,14-12-2023,1702512000
AZNCF,34.867725,0.0219,10-08-2023,1691625600
HESAF,48.78173,0.0070999996,25-04-2023,1682380800
HESAY,48.963505,0.0069999998,25-04-2023,1682380800
AZN,35.20635,0.0218,10-08-2023,1691625600
CSCO,15.489427,0.0304,03-01-2024,1704240000
MTSUY,38.227585,NULL,NULL,NULL
SHEL,7.2577195,0.0433,16-11-2023,1700092800
ABT,39.010204,0.019199999,11-01-2024,1704931200
LIN,33.667767,0.0125,01-12-2023,1701388800
INTC,NULL,0.0104,06-11-2023,1699228800
WFC-PY,4.950331,NULL,NULL,NULL
RYDAF,6.8052254,0.0462,16-11-2023,1700092800
TMUS,25.645964,NULL,NULL,NULL
PDD,32.497738,NULL,NULL,NULL
WFC-PR,5.2214403,NULL,NULL,NULL
SAP,82.13567,0.0137,12-05-2023,1683849600
ACGBF,3.8,0.081199996,10-07-2023,1688947200
SAPGF,81.879395,0.0137,12-05-2023,1683849600
WFC-PL,241.101,NULL,NULL,NULL
PCCYF,5.4579997,0.0922,12-09-2023,1694476800
BABA,9.763713,NULL,NULL,NULL
ACGBY,3.686747,0.083900005,07-07-2023,1688688000
BABAF,9.977529,NULL,NULL,NULL
CMCSA,12.075209,0.026800001,02-01-2024,1704153600
WFC,9.962733,0.0291,02-11-2023,1698883200
INTU,67.99782,0.0058,09-01-2024,1704758400
C-PJ,3.033259,NULL,NULL,NULL
DHR,29.136192,0.0042,28-12-2023,1703721600
DIS,72.139534,NULL,NULL,NULL
AMGN,21.877043,0.0292,15-02-2024,1707955200
PFE,15.453552,0.0594,25-01-2024,1706140800
BHPLF,11.542746,0.057800002,07-09-2023,1694044800
QCOM,23.30675,0.0211,28-02-2024,1709078400
PROSF,7.655464,NULL,NULL,NULL
CICHF,3.0777779,0.097600006,06-07-2023,1688601600
BHP,11.868628,0.056199998,07-09-2023,1694044800
NKE,29.673468,0.0145000005,01-12-2023,1701388800
PROSY,7.835616,NULL,NULL,NULL
IBM,22.126451,0.0387,09-11-2023,1699488000
TTFNF,8.021656,0.0498,20-03-2024,1710892800
NOW,97.03497,NULL,NULL,NULL
TTE,8.135032,0.0506,18-03-2024,1710720000
MS,16.474903,0.0398,30-01-2024,1706572800
TXN,22.522697,0.0299,30-01-2024,1706572800
PM,17.926212,0.0563,20-12-2023,1703030400
HSBC,5.5057974,0.0698,09-11-2023,1699488000
UNP,22.98463,0.0217,07-12-2023,1701907200
HBCYF,5.405797,0.071,09-11-2023,1699488000
GS,16.71916,0.028800001,28-02-2024,1709078400
CAT,16.181509,0.0182,19-01-2024,1705622400
BX,49.824265,0.0279,27-10-2023,1698364800
CICHY,3.0803814,0.0956,06-07-2023,1688601600
HDB,16.185507,0.0125,12-05-2023,1683849600
GE,13.507805,0.0025,27-12-2023,1703635200
RY,12.804627,0.040799998,24-01-2024,1706054400
SIEGY,16.378479,0.025899999,10-02-2023,1675987200
RTNTF,16.064516,0.0397,10-08-2023,1691625600
SMAWF,16.391642,0.029000001,09-02-2024,1707436800
BACHY,3.5859377,0.0877,05-07-2023,1688515200
CMWAY,19.33505,0.040799998,18-08-2023,1692316800
IDEXF,23.374302,0.0207,31-10-2023,1698710400
AXP,17.15075,0.013099999,04-01-2024,1704326400
UPS,15.879555,0.041300002,10-11-2023,1699574400
HON,24.879803,0.0215,09-11-2023,1699488000
SNY,12.984733,0.0372,30-05-2023,1685404800
IDEXY,23.644445,0.0305,31-10-2023,1698710400
UBER,125.21155,NULL,NULL,NULL
C,12.752476,0.040799998,02-02-2024,1706832000
SNYNF,12.915522,0.0375,30-05-2023,1685404800
COP,11.750545,0.0212,13-11-2023,1699833600
AMAT,20.70777,0.0076,21-02-2024,1708473600
BUDFF,20.358307,0.013200001,03-05-2023,1683072000
ISRG,88.40095,NULL,NULL,NULL
EADSY,29.492754,0.012200001,25-04-2023,1682380800
EADSF,29.06582,0.0124,25-04-2023,1682380800
LOW,16.859003,0.02,23-01-2024,1705968000
BUD,20.52443,0.013099999,03-05-2023,1683072000
CHDRY,17.817818,0.019199999,04-12-2023,1701648000
CHDRF,17.153769,0.02,04-12-2023,1701648000
DTEGY,19.128788,0.0304,10-04-2023,1681084800
BA,NULL,NULL,NULL,NULL
SNEJF,21.893906,0.0056,28-09-2023,1695859200
RTX,39.414745,0.0276,16-11-2023,1700092800
WFC-PC,3.836921,NULL,NULL,NULL
BKNG,25.57464,NULL,NULL,NULL
DTEGF,18.915075,0.033,11-04-2024,1712793600
SONY,22.352144,0.0055,28-09-2023,1695859200
NEE,15.108179,0.0327,22-11-2023,1700611200
UL,13.287324,0.039300002,16-11-2023,1700092800
SYK,46.743324,0.010199999,28-12-2023,1703721600
RLLCF,0.25,NULL,NULL,NULL
UNLYF,13.3,0.0399,16-11-2023,1700092800
T,NULL,0.066599995,09-01-2024,1704758400
PLD,41.035145,0.0271,15-12-2023,1702598400
BLK,22.072895,0.0253,06-03-2024,1709683200
SCHW,25.110235,0.015700001,09-11-2023,1699488000
MDT,28.08117,0.0319,19-12-2023,1702944000
RTPPF,13.010683,0.0583,10-08-2023,1691625600
NPPXF,13.555555,0.0306,28-03-2024,1711584000
LMT,16.74936,0.0275,30-11-2023,1701302400
ELV,18.085247,0.0127,05-12-2023,1701734400
RIO,13.045541,0.0585,10-08-2023,1691625600
TD,14.559035,0.0505,09-01-2024,1704758400
MBFJF,8.2970295,0.036,28-03-2024,1711584000
KYCCF,44.662365,0.005,18-03-2024,1710720000
NTTYY,13.485107,0.027,28-09-2023,1695859200
GILD,18.691648,0.0344,14-12-2023,1702512000
TJX,26.977402,0.0139,14-02-2024,1707868800
SBGSY,25.405228,0.0177,09-05-2023,1683590400
DE,11.048499,0.0154,28-12-2023,1703721600
SBGSF,25.648602,0.0176,09-05-2023,1683590400
SBUX,26.217878,0.024300002,08-02-2024,1707350400
MUFG,8.752476,0.028299998,28-09-2023,1695859200
ALIZY,9.549645,0.0464,05-05-2023,1683244800
PANW,188.68156,NULL,NULL,NULL
SHOP,NULL,NULL,NULL,NULL
PBR,3.811138,0.1864,22-11-2023,1700611200
ALIZF,9.567682,0.0464,05-05-2023,1683244800
BMY,12.718274,0.0479,04-01-2024,1704326400
PBR-A,3.6731234,0.19370002,22-11-2023,1700611200
REGN,26.592594,NULL,NULL,NULL
MDLZ,21.811377,0.0233,28-12-2023,1703721600
PGR,37.067535,0.0068,18-01-2024,1705536000
AIQUY,28.666666,0.016900001,11-05-2023,1683763200
LRCX,28.010847,0.0097,12-12-2023,1702339200
AIQUF,28.561365,0.017,15-05-2023,1684108800
ADP,28.328182,0.0235,07-03-2024,1709769600
MMC,28.647484,0.0143,24-01-2024,1706054400
BP,4.0636253,0.049200002,09-11-2023,1699488000
BPAQF,4.086331,0.048899997,13-11-2023,1699833600
AMT,135.01324,0.0334,27-12-2023,1703635200
ETN,32.788204,0.014099999,03-11-2023,1698969600
UBS,3.0676534,0.019,12-04-2023,1681257600
CIHKY,4.2236505,0.0735,03-07-2023,1688342400
CB,13.886483,0.0145000005,14-12-2023,1702512000
ADI,29.735878,0.0177,01-12-2023,1701388800
MU,NULL,0.0053,29-12-2023,1703808000
CMXHF,43.484512,0.012,11-09-2023,1694390400
CSLLY,42.391594,0.0123000005,08-09-2023,1694131200
CI,17.036661,0.0163,05-12-2023,1701734400
BSX,74.31707,NULL,NULL,NULL
CSUAY,8.390909,0.1073,22-06-2023,1687392000
AAIGF,83.44444,0.014400001,11-09-2023,1694390400
PIAIF,6.2131147,0.0915,11-09-2023,1694390400
ZTS,38.28862,0.0092,18-01-2024,1705536000
AAGIY,86.72221,0.0254,07-09-2023,1694044800
USB-PH,4.581716,NULL,NULL,NULL
ABNB,17.023113,NULL,NULL,NULL
ESLOY,34.235283,0.0179,22-05-2023,1684713600
STOHF,5.234234,0.041300002,14-02-2024,1707868800
GS-PK,0.50185335,NULL,NULL,NULL
EQNR,5.104504,0.0424,14-11-2023,1699920000
FRCOF,37.178314,0.0085,28-02-2024,1709078400
TOELY,39.727642,NULL,NULL,NULL
BNPQY,8.343359,0.063,18-05-2023,1684368000
TOELF,39.71487,0.0124,28-03-2024,1711584000
MELI,88.43186,NULL,NULL,NULL
FI,29.144655,NULL,NULL,NULL
GS-PA,0.4333482,NULL,NULL,NULL
PNGAY,6.5049176,0.0872,08-09-2023,1694131200
SNPMF,6.571429,0.0862,07-09-2023,1694044800
GSK,10.525199,0.0354,16-11-2023,1700092800
BNPQF,8.332416,0.0631,22-05-2023,1684713600
IBN,17.558823,0.0081,08-08-2023,1691452800
MS-PK,3.0949352,NULL,NULL,NULL
INFY,28.15493,0.0215,24-10-2023,1698105600
MS-PI,3.1801987,NULL,NULL,NULL
GLAXF,10.228724,0.037100002,16-11-2023,1700092800
SHECF,19.005796,0.019,29-03-2024,1711670400
CILJF,12.222222,0.0618,05-07-2023,1688515200
FRCOY,37.842857,NULL,NULL,NULL
MS-PF,3.1992874,NULL,NULL,NULL
CNI,23.104395,0.019,06-12-2023,1701820800
SHECY,19.038836,NULL,NULL,NULL
MS-PE,3.2005599,NULL,NULL,NULL
GS-PD,0.4288847,NULL,NULL,NULL
DEO,16.562202,0.028399998,24-08-2023,1692835200
ANET,43.845257,NULL,NULL,NULL
SNPS,65.31692,NULL,NULL,NULL
ABLZF,19.257547,0.0223,27-03-2023,1679875200
PBCRY,24.903225,0.0228,04-12-2023,1701648000
RELX,35.99138,0.0166,03-08-2023,1691020800
MS-PA,2.7869687,NULL,NULL,NULL
SHW,32.58521,0.008,16-11-2023,1700092800
IBDSF,15.3625,0.0463,09-01-2024,1704758400
DGEAF,16.507177,0.0287,24-08-2023,1692835200
ENB,32.414413,0.0748,14-02-2024,1707868800
ABBNY,19.245283,0.0225,27-03-2023,1679875200
IBDRY,15.415094,0.0461,09-01-2024,1704758400
KLAC,27.402323,0.0095,14-11-2023,1699920000
EBBNF,8.742677,NULL,NULL,NULL
ATLKY,29.811323,0.0137,19-10-2023,1697673600
SO,25.164232,0.040599998,16-02-2024,1708041600
SAFRF,23.028786,0.0078,30-05-2023,1685404800
PBCRF,32.5,0.022,04-12-2023,1701648000
ITW,24.806795,0.0219,28-12-2023,1703721600
SAFRY,23.255,0.0078,30-05-2023,1685404800
CDNS,83.230774,NULL,NULL,NULL
DUK,20.20296,0.0429,15-02-2024,1707955200
ESOCF,12.366666,0.0608,22-01-2024,1705881600
HCA,14.203849,0.0083,13-12-2023,1702425600
WDAY,1260.826,NULL,NULL,NULL
BYDDY,18.249098,0.0064,12-06-2023,1686528000
BYDDF,18.369566,0.0064,13-06-2023,1686614400
ENLAY,12.043332,0.064,22-01-2024,1705881600
ZURVY,15.651091,0.0533,12-04-2023,1681257600
ZFSVF,15.480848,0.0544,12-04-2023,1681257600
USB-PP,5.086244,NULL,NULL,NULL
ATLCY,25.962267,0.015700001,19-10-2023,1697673600
WM,32.7039,0.0152,30-11-2023,1701302400
CME,24.082241,0.0478,27-12-2023,1703635200
AXAHY,10.677316,0.0557,04-05-2023,1683158400
MSBHF,12.089655,0.0296,28-03-2024,1711584000
KKR,30.726278,0.0078,16-11-2023,1700092800
ATLPF,29.141134,0.0139999995,19-10-2023,1697673600
MO,8.230613,0.097200006,20-12-2023,1703030400
VCISY,14.890186,0.0436,10-11-2023,1699574400
ICE,29.338747,0.013300001,13-12-2023,1702425600
AXAHF,10.538019,0.056500003,08-05-2023,1683504000
HTHIY,15.498475,0.014099999,28-09-2023,1695859200
ARM,462.2353,NULL,NULL,NULL
HTHIF,15.328411,NULL,NULL,NULL
NOC,15.481409,0.0159,24-11-2023,1700784000
VCISF,14.766082,0.0353,14-11-2023,1699920000
CP,23.719034,0.0073,28-12-2023,1703721600
KDDIY,15.666666,NULL,NULL,NULL
MKGAF,22.210344,0.0150999995,02-05-2023,1682985600
CFRHF,17.961126,0.020599999,20-09-2023,1695168000
MCO,47.17561,0.008,22-11-2023,1700611200
MKKGY,22.048275,0.0152,02-05-2023,1682985600
BYMOF,5.169671,0.095,12-05-2023,1683849600
CNQ,13.120832,0.0476,07-12-2023,1701907200
MBGAF,4.1968913,0.0884,04-05-2023,1683158400
MBGYY,4.1891193,0.0888,04-05-2023,1683158400
IVSXF,5.826558,0.0197,03-11-2023,1698969600
WMMVF,23.623528,0.0242,06-04-2023,1680739200
SLB,17.058418,0.0222,06-02-2024,1707177600
SBKFF,8.204571,0.0183,26-05-2023,1685059200
GD,20.830408,0.0212,18-01-2024,1705536000
WMMVY,23.245613,0.0494,04-12-2023,1701648000
BDX,46.25294,0.0161,07-12-2023,1701907200
CSX,18.280422,0.0127,29-11-2023,1701216000
TRI,31.825262,0.012999999,15-11-2023,1700006400
DASTF,59.51176,0.0045,26-05-2023,1685059200
BMWYY,5.375796,0.0912,12-05-2023,1683849600
DASTY,59.529408,0.0044,25-05-2023,1684972800
MAR,24.75318,0.0089,21-11-2023,1700524800
CL,42.08377,0.0239,19-01-2024,1705622400
BCDRF,5.6060605,0.0464,31-10-2023,1698710400
CRWD,NULL,NULL,NULL,NULL
BTI,5.99187,0.0951,21-12-2023,1703116800
ITOCF,13.1301775,0.026700001,28-03-2024,1711584000
BTAFF,5.98374,0.0995,21-12-2023,1703116800
ITOCY,13.2053175,NULL,NULL,NULL
SMFG,12.135802,NULL,NULL,NULL
ITUB,10.090908,0.028099999,01-02-2024,1706745600
SEMHF,39.794518,NULL,NULL,NULL
RCRRF,30.75188,0.0041,28-03-2024,1711584000
GLNCY,6.9276314,0.0988,31-08-2023,1693440000
MCK,19.154152,0.0050999997,30-11-2023,1701302400
PYPL,19.647762,NULL,NULL,NULL
EOG,8.172849,0.033,16-01-2024,1705363200
STLA,3.1608188,0.0686,24-04-2023,1682294400
GLCNF,6.934211,0.083500005,31-08-2023,1693440000
SFTBY,NULL,NULL,NULL,NULL
RCRUY,31.37037,NULL,NULL,NULL
TGT,17.597452,0.0319,20-02-2024,1708387200
SFTBF,NULL,0.0073,28-03-2024,1711584000
SMMNY,38.890408,0.0178,16-02-2023,1676505600
UNCRY,5.4772725,0.0376,24-04-2023,1682294400
USB,12.847095,0.0467,28-12-2023,1703721600
CMG,55.243732,NULL,NULL,NULL
CHGCY,27.23913,NULL,NULL,NULL
LNSTY,77.1579,0.0117,17-08-2023,1692230400
SMFNF,12.470936,0.039300002,28-03-2024,1711584000
VWAGY,4.205298,0.0744,11-05-2023,1683763200
LDNXF,75.15033,0.012,17-08-2023,1692230400
SWGAY,55.545456,0.0274,12-05-2023,1683849600
VLKAF,4.1977515,0.0744,11-05-2023,1683763200
SAN,6.090909,0.037,31-10-2023,1698710400
NTDOY,19.913044,0.0255,28-09-2023,1695859200
DBSDF,8.372414,0.059,14-11-2023,1699920000
OLCLY,85.454544,NULL,NULL,NULL
VWAPY,3.860927,NULL,NULL,NULL
RACE,49.4915,0.0057,24-04-2023,1682294400
SOBKY,15.678572,NULL,NULL,NULL
NTDOF,20.015272,0.0234,28-03-2024,1711584000
SNOW,NULL,NULL,NULL,NULL
AMXOF,10.5,0.0585,13-07-2023,1689206400
DUK-PA,5.2729945,NULL,NULL,NULL
MITSF,8.785249,0.0305,28-03-2024,1711584000
VLKPF,3.8703275,0.0813,11-05-2023,1683763200
MITSY,8.734085,0.0274,28-09-2023,1695859200
TEAM,NULL,NULL,NULL,NULL
DBSDY,8.25862,0.0559,15-11-2023,1700006400
FDX,14.622182,0.020399999,08-12-2023,1701993600
CTA-PB,NULL,NULL,NULL,NULL
AON,23.640362,0.007900001,31-01-2024,1706659200
SCCO,21.798386,0.0493,07-11-2023,1699315200
VALE,6.571429,0.0917,22-11-2023,1700611200
BAMXF,5.427056,0.090299994,12-05-2023,1683849600
BMO,22.764845,0.0464,29-01-2024,1706486400
BN,NULL,0.0069999998,29-11-2023,1701216000
CTAS,43.472424,0.009,14-02-2024,1707868800
MNST,38.635136,NULL,NULL,NULL
PNC,11.789679,0.040799998,12-01-2024,1705017600
LULU,61.737244,NULL,NULL,NULL
ORLY,27.386786,NULL,NULL,NULL
PH,26.044851,0.0126,10-11-2023,1699574400
MMM,NULL,0.0557,16-11-2023,1700092800
MURGY,18.68261,0.0296,08-05-2023,1683504000
HEINY,20.532785,0.021,10-08-2023,1691625600
APD,25.304855,0.0269,29-12-2023,1703808000
EPD,10.910569,0.0747,30-01-2024,1706572800
MPC,5.7706523,0.0216,15-11-2023,1700006400
ROP,47.406223,0.0055,08-01-2024,1704672000
DSNKY,56.663464,NULL,NULL,NULL
TDG,48.073215,NULL,NULL,NULL
APH,31.487099,0.009,18-12-2023,1702857600
NETTF,15.0452175,0.020299999,30-11-2023,1701302400
NTES,15.892548,0.0191,30-11-2023,1701302400
DSKYF,55.096153,0.0105,28-03-2024,1711584000
BNS,10.764569,0.0688,02-01-2024,1704153600
DHLGY,13.267314,0.0422,05-05-2023,1683244800
DPSTF,13.105264,0.043,05-05-2023,1683244800
MRVL,NULL,0.0034,04-01-2024,1704326400
NABZY,13.592105,0.0541,17-11-2023,1700179200
ANCTF,19.483974,0.0073,06-12-2023,1701820800
PSX,7.8,0.0325,16-11-2023,1700092800
AMX,12.333333,0.028800001,09-11-2023,1699488000
ECL,46.2662,0.0114,18-12-2023,1702857600
CNSWF,109.88019,0.0015,19-12-2023,1702944000
MURGF,18.552233,0.0297,08-05-2023,1683504000
NAUBF,13.135527,0.056399997,14-11-2023,1699920000
TT,29.079437,0.0121,30-11-2023,1701302400
FSUMF,11.698718,0.0623,01-09-2023,1693526400
BKRKY,15.67873,0.0671,29-12-2023,1703808000
DELL,23.044323,0.0178,22-01-2024,1705881600
HUM,16.612743,0.0088,28-12-2023,1703721600
NEE-PR,NULL,NULL,NULL,NULL
PSTVY,3.7394955,0.080299996,03-07-2023,1688342400
BKRKF,17.75,0.0695,02-01-2024,1704153600
FCX,25.846666,0.0155,11-01-2024,1704931200
APO,37.61977,0.0174,16-11-2023,1700092800
RTLLF,38.913254,0.0146,11-05-2023,1683763200
MPNGF,52.764706,NULL,NULL,NULL
ISNPY,7.2063494,0.083500005,20-11-2023,1700438400
IITSF,7.166667,0.0845,20-11-2023,1700438400
FSUGY,11.713827,0.0627,07-09-2023,1694044800
PEXNY,24.271845,0.021300001,14-08-2023,1691971200
PSBKF,3.75,0.0795,10-07-2023,1688947200
SPG,21.01187,0.0537,07-12-2023,1701907200
CHTR,12.123489,NULL,NULL,NULL
NXPI,20.256031,0.0186,12-12-2023,1702339200
EMR,25.513441,0.0221,16-11-2023,1700092800
UNVGY,42.514286,0.0182,04-10-2023,1696377600
UMGNF,42.714287,0.017,04-10-2023,1696377600
MSI,32.9909,0.012,14-12-2023,1702512000
NGGTF,15.772727,0.0523,24-11-2023,1700784000
HNDAF,8.4920635,0.038599998,28-03-2024,1711584000
RSG,32.689922,0.0127,01-01-2024,1704067200
WEBNF,11.992188,0.0629,09-11-2023,1699488000
PSA,26.732601,0.041100003,12-12-2023,1702339200
HMC,8.560846,0.0315,28-09-2023,1695859200
RBGPF,17.773537,0.0332,03-08-2023,1691020800
BBVA,6.578947,0.051999997,03-04-2023,1680480000
NSC,25.63527,0.0231,02-11-2023,1698883200
ADSK,58.50353,NULL,NULL,NULL
RBGLY,18.012657,0.0325,04-08-2023,1691107200
TKOMY,15.564418,0.0298,28-09-2023,1695859200
SCHW-PD,9.126354,NULL,NULL,NULL
PXD,10.330157,0.0644,29-11-2023,1701216000
DHI,11.237338,0.0077,20-11-2023,1700438400
AJG,45.83301,0.0092,30-11-2023,1701302400
SPG-PJ,8.809208,NULL,NULL,NULL
TKOMF,14.969512,0.0356,28-03-2024,1711584000
MET,NULL,0.030199999,05-02-2024,1707091200
BBVXF,6.398496,0.059899997,10-10-2023,1696896000
WELL,169.5283,0.0272,13-11-2023,1699833600
CARR,39.631207,0.0136,20-12-2023,1703030400
OXY,12.291938,0.0128,07-12-2023,1701907200
NGG,15.025,0.0535,22-11-2023,1700611200
PCAR,12.293742,0.0112,14-02-2024,1707868800
VOLVF,11.329328,0.0287,05-04-2023,1680652800
CTA-PA,NULL,NULL,NULL,NULL
ANZGY,11.597316,0.0682,22-11-2023,1700611200
AFL,11.557534,0.023699999,20-02-2024,1708387200
CMPGY,29.40625,0.0195,18-01-2024,1705536000
VLVLY,11.278846,0.028800001,05-04-2023,1680652800
TKPHF,35.146343,0.0482,28-03-2024,1711584000
COF,9.586516,0.0188,10-11-2023,1699574400
GM,4.9873595,0.0101,30-11-2023,1701302400
DXCM,138.35869,NULL,NULL,NULL
TFC,NULL,0.0555,09-11-2023,1699488000
CMPGF,28.657917,0.02,18-01-2024,1705536000
INGVF,7.729489,0.0563,07-08-2023,1691366400
DKILF,27.241909,0.0107,28-03-2024,1711584000
HLT,37.85455,0.0032,16-11-2023,1700092800
CCI,30.15922,0.058000002,14-12-2023,1702512000
AIG,11.949653,0.0209,13-12-2023,1702425600
PPRUY,12.7029705,0.0401,11-01-2024,1704931200
TNCAF,4.488066,NULL,NULL,NULL
BAESY,19.11041,0.0232,19-10-2023,1697673600
TAK,35.878048,NULL,NULL,NULL
FTNT,42.291668,NULL,NULL,NULL
PPRUF,12.610707,0.0404,16-01-2024,1705363200
IFNNY,14.613899,0.01,26-02-2024,1708905600
KHC,15.322314,0.0431,30-11-2023,1701302400
ET,13.009435,0.09060001,27-10-2023,1698364800
SRE,16.870369,0.0327,05-12-2023,1701734400
MQBKY,16.818943,0.039300002,14-11-2023,1699920000
STZ,29.494774,0.0139999995,07-02-2024,1707264000
AZO,19.95959,NULL,NULL,NULL
IFNNF,14.435522,0.010199999,26-02-2024,1708905600
ING,7.9488635,0.0577,11-08-2023,1691712000
DNZOF,21.135136,0.025899999,28-03-2024,1711584000
JAPAY,14.087912,NULL,NULL,NULL
CPRT,35.547447,NULL,NULL,NULL
MET-PA,3.0382988,NULL,NULL,NULL
ROST,27.30754,0.0097,04-12-2023,1701648000
DNZOY,20.95946,0.0218,28-09-2023,1695859200
BAESF,18.964558,0.0235,19-10-2023,1697673600
BSBR,23.500002,0.0538,22-01-2024,1705881600
EL,81.707794,0.021,29-11-2023,1701216000
F,7.3202615,0.053600002,31-10-2023,1698710400
TRV,16.562597,0.0189,07-12-2023,1701907200
MCHP,19.614037,0.0178,21-11-2023,1700524800
EW,31.75641,NULL,NULL,NULL
NRDBY,7.8758173,0.1355,24-03-2023,1679616000
KDP,23.277372,0.027,04-01-2024,1704326400
SKFOF,37.744682,0.013099999,30-03-2023,1680134400
COR,25.589684,0.0093,10-11-2023,1699574400
MFG,10.235294,NULL,NULL,NULL
HNHPF,10.827587,0.053600002,03-07-2023,1688342400
HCMLF,11.500754,0.0367,09-05-2023,1683590400
SXYAY,37.943665,0.0128999995,30-03-2023,1680134400
AIG-PA,2.1115677,NULL,NULL,NULL
XIACF,19.11111,NULL,NULL,NULL
NU,131.0,NULL,NULL,NULL
PAYX,27.070951,0.0292,12-02-2024,1707696000
PCG,19.651161,NULL,NULL,NULL
GPDNF,29.959415,0.033,09-05-2023,1683590400
DANOY,30.454544,0.0327,05-05-2023,1683244800
VLO,4.371078,0.0334,31-01-2024,1706659200
IDXX,53.50562,NULL,NULL,NULL
MZHOF,9.911765,0.0437,28-03-2024,1711584000
ABEV,14.210526,0.0545,22-12-2023,1703203200
PLDGP,11.319056,NULL,NULL,NULL
MSCI,46.315216,0.01,08-11-2023,1699401600
WFAFY,26.236109,0.0328,05-09-2023,1693872000
HES,28.788261,0.0127,15-12-2023,1702598400
WFAFF,25.629374,0.033800002,30-08-2023,1693353600
LEN,11.064868,0.013200001,23-01-2024,1705968000
BASFY,NULL,0.0797,01-05-2023,1682899200
HCMLY,11.174242,0.0377,09-05-2023,1683590400
HOCPY,41.4934,0.0062,28-09-2023,1695859200
AEP,17.8211,0.045300003,09-11-2023,1699488000
LEN-B,10.1748,0.0143,23-01-2024,1705968000
DLR,47.687496,0.0355,14-12-2023,1702512000
OVCHF,8.112499,0.060500003,14-08-2023,1691971200
BFFAF,NULL,0.0801,28-04-2023,1682640000
KMB,23.564299,0.038399998,07-12-2023,1701907200
CNC,16.44124,NULL,NULL,NULL
BK,13.76,0.0305,19-01-2024,1705622400
GWW,24.093697,0.0172,10-11-2023,1699574400
NUE,8.440789,0.012999999,28-12-2023,1703721600
O,42.81818,0.0545,31-01-2024,1706659200
DDOG,NULL,NULL,NULL,NULL
ENGQF,NULL,0.08979999,28-04-2023,1682640000
WMB,14.850878,0.0529,07-12-2023,1701907200
CRARY,6.545454,0.078099996,25-05-2023,1684972800
ODFL,34.512478,0.0041,05-12-2023,1701734400
ENGIY,NULL,0.0911,01-05-2023,1682899200
KHNGY,21.201277,0.047,11-05-2023,1683763200
DASH,NULL,NULL,NULL,NULL
KHNGF,21.835888,0.0456,11-05-2023,1683763200
SU,6.860566,0.0521,30-11-2023,1701302400
TRP,NULL,0.0725,28-12-2023,1703721600
CRARF,6.4909086,0.078600004,30-05-2023,1685404800
PSA-PH,2.435611,NULL,NULL,NULL
OVCHY,7.9916663,0.0616,15-08-2023,1692057600
OKE,12.875,0.056500003,29-01-2024,1706486400
LLDTF,4.4373,0.059,03-08-2023,1691020800
KVUE,36.333332,0.038599998,07-11-2023,1699315200
TEL,22.089998,0.0178,15-02-2024,1707955200
NEM,NULL,0.0463,29-11-2023,1701216000
PRNDY,16.197918,0.033,21-11-2023,1700524800
ALL,NULL,0.023,29-11-2023,1701216000
HLNCF,24.470587,0.0105,24-08-2023,1692835200
PDRDF,15.97547,0.0336,24-11-2023,1700784000
PPERF,14.666667,0.0403,27-03-2023,1679875200
SQ,NULL,NULL,NULL,NULL
WOPEF,5.4651475,0.1099,31-08-2023,1693440000
HSY,20.523708,0.025,16-11-2023,1700092800
HLN,24.970587,0.0108,24-08-2023,1692835200
KMI,15.779817,0.0657,30-01-2024,1706572800
PPERY,12.541353,0.0428,24-03-2023,1679616000
ADYEY,62.05,NULL,NULL,NULL
CIIHF,10.650001,0.032,03-07-2023,1688342400
ADYYF,61.36364,NULL,NULL,NULL
SPOT,NULL,NULL,NULL,NULL
LHX,26.394331,0.0223,16-11-2023,1700092800
MCQEF,16.098747,0.040700004,13-11-2023,1699833600
LNG,3.191637,0.0108,08-11-2023,1699401600
DSDVF,20.293182,0.0052,17-03-2023,1679011200
BSQKZ,NULL,NULL,NULL,NULL
MRAAF,22.853487,0.019,28-03-2024,1711584000
D,15.0564785,0.0589,30-11-2023,1701302400
WDS,5.430481,0.1103,31-08-2023,1693440000
STMEF,9.4482765,0.0055,18-03-2024,1710720000
STM,9.696121,0.0053,18-03-2024,1710720000
MRNA,NULL,NULL,NULL,NULL
DSDVY,20.476192,0.0052,17-03-2023,1679011200
BCE,23.027626,0.0692,14-12-2023,1702512000
BIDU,17.136896,NULL,NULL,NULL
MFC,4.0769234,0.0514,21-11-2023,1700524800
CTSH,18.751219,0.0150999995,20-11-2023,1700438400
DBOEF,20.656567,0.019,17-05-2023,1684281600
EXPGF,36.160713,0.0139,04-01-2024,1704326400
WCN,47.41433,0.0075,07-11-2023,1699315200
HKXCY,24.235771,0.035,28-08-2023,1693180800
WOLTF,32.39011,0.0138,29-08-2023,1693267200
DBOEY,20.868687,0.0188,17-05-2023,1684281600
SYY,21.185915,0.026600001,04-01-2024,1704326400
LYG,4.5625,0.056399997,04-08-2023,1691107200
AMP,18.420368,0.014099999,03-11-2023,1698969600
ALC,85.41759,0.003,10-05-2023,1683676800
GMBXF,11.066667,0.0469,22-11-2023,1700611200
A,31.317423,0.0072000003,29-12-2023,1703808000
FERG,21.497734,0.0167,14-12-2023,1702512000
URI,16.638453,0.010299999,07-11-2023,1699315200
IBKR,31.649632,0.0045,29-02-2024,1709164800
MRAAY,23.465117,NULL,NULL,NULL
MPLX,10.658046,0.0917,02-11-2023,1698883200
AME,29.30018,0.0062,07-12-2023,1701907200
HKXCF,24.42258,0.0345,29-08-2023,1693267200
JCI,20.144981,0.0273,15-12-2023,1702598400
DOW,28.701088,0.053000003,29-11-2023,1701216000
PRU,29.22034,0.048299998,20-11-2023,1700438400
ADM,9.484006,0.026400002,14-11-2023,1699920000
EA,37.835163,0.0055,28-11-2023,1701129600
DRPRY,NULL,0.0137,29-06-2023,1687996800
GVDBF,35.970833,0.0188,27-03-2023,1679875200
PSA-PK,2.1061327,NULL,NULL,NULL
SMECF,29.063786,0.0117,28-03-2024,1711584000
MLYBY,13.242423,0.0591,14-09-2023,1694649600
SMCAY,29.206184,NULL,NULL,NULL
LVS,56.14942,0.0082,06-11-2023,1699228800
FAST,34.326733,0.0225,31-01-2024,1706659200
YUM,25.104364,0.0183,27-11-2023,1701043200
BAIDF,16.733334,NULL,NULL,NULL
DRPRF,NULL,0.0138,29-06-2023,1687996800
BAYRY,NULL,0.074200004,02-05-2023,1682985600
GIS,15.364964,0.0374,09-01-2024,1704758400
GVDNY,35.791664,0.0189,27-03-2023,1679875200
IT,40.006886,NULL,NULL,NULL
JD,10.563982,0.0278,05-04-2023,1680652800
PLTR,239.7143,NULL,NULL,NULL
UOVEF,7.5719423,0.059499998,04-08-2023,1691107200
BAYZF,NULL,0.0744,02-05-2023,1682985600
EONGY,NULL,0.0404,18-05-2023,1684368000
CAPMF,20.5395,0.0163,30-05-2023,1685404800
WTKWY,32.929516,0.0135,29-08-2023,1693267200
ARES,53.408257,0.026500002,14-12-2023,1702512000
BIIB,24.871641,NULL,NULL,NULL
FIS,NULL,0.0347,07-12-2023,1701907200
EXC,16.297674,0.041100003,14-11-2023,1699920000
JDCMF,10.471699,0.0279,04-04-2023,1680566400
UOVEY,7.5279274,0.056799997,04-08-2023,1691107200
OTIS,26.519638,0.0155,16-11-2023,1700092800
CGEMY,20.759617,0.0161,25-05-2023,1684972800
SVNDY,22.137932,0.0215,30-08-2023,1693353600
ALL-PH,1.8983136,NULL,NULL,NULL
VRSK,45.050655,0.0057,14-12-2023,1702512000
CODGF,11.541505,0.0323,12-06-2023,1686528000
BBD,13.250001,0.0374,03-01-2024,1704240000
CHCJY,2.8643532,0.1013,23-06-2023,1687478400
ROK,25.372074,0.0165,10-11-2023,1699574400
CODYY,11.689656,0.0319,08-06-2023,1686182400
PPG,26.477528,0.0182,15-02-2024,1707955200
ARZGY,7.357616,0.1073,22-05-2023,1684713600
QSR,26.510344,0.0286,20-12-2023,1703030400
ZS,NULL,NULL,NULL,NULL
CSGP,83.16161,NULL,NULL,NULL
GPN,39.469513,0.0077,14-12-2023,1702512000
HYMTF,2.5037355,NULL,NULL,NULL
HENOY,22.401136,0.025799999,25-04-2023,1682380800
XEL,18.822784,0.035,27-12-2023,1703635200
BDRFY,36.333332,0.0052,14-04-2023,1681430400
GEHC,21.991098,0.0016,12-01-2024,1705017600
CMI,11.6824665,0.0293,22-11-2023,1700611200
SSREY,19.335615,0.056199998,14-04-2023,1681430400
VEEV,59.52586,NULL,NULL,NULL
ORAN,18.515152,0.061300002,30-11-2023,1701302400
ADDDF,NULL,0.0043,12-05-2023,1683849600
EXR,27.690563,0.0442,14-12-2023,1702512000
NDAQ,25.941704,0.0152,07-12-2023,1701907200
ALL-PB,2.1267757,NULL,NULL,NULL
HENOF,23.181303,0.025,25-04-2023,1682380800
BDORY,4.240601,0.041199997,12-12-2023,1702339200
PGPHF,26.112127,0.0318,26-05-2023,1685059200
WUXIF,23.708889,0.0117999995,05-06-2023,1685923200
BBDO,11.916666,0.0763,03-01-2024,1704240000
ADDYY,NULL,0.0042,12-05-2023,1683849600
COIN,NULL,NULL,NULL,NULL
THLEF,24.671053,0.0218,05-12-2023,1701734400
RYCEF,15.46,NULL,NULL,NULL
TTRAF,24.636364,0.0398,30-08-2023,1693353600
RYCEY,15.4,NULL,NULL,NULL
AMKBY,3.5639095,0.154,29-03-2023,1680048000
VICI,12.680497,0.0543,20-12-2023,1703030400
TTD,215.64516,NULL,NULL,NULL
CTVA,29.044584,0.0139999995,30-11-2023,1701302400
LZAGF,24.214735,0.0093,09-05-2023,1683590400
RBSPF,4.419355,0.0704,10-08-2023,1691625600
DD,37.401016,0.0195,29-11-2023,1701216000
RCL,38.719513,NULL,NULL,NULL
IR,42.869564,0.001,17-11-2023,1700179200
ED,13.273265,0.0369,13-02-2024,1707782400
BKR,18.383234,0.026099999,03-11-2023,1698969600
HENKY,20.170454,0.028399998,25-04-2023,1682380800
SVKEF,8.4347315,0.0463,05-04-2023,1680652800
THLLY,24.008263,0.0224,01-12-2023,1701388800
ON,14.893146,NULL,NULL,NULL
AMADF,31.424612,NULL,NULL,NULL
CAIXY,6.825,0.0617,10-04-2023,1681084800
SWZCF,15.771368,0.0402,30-03-2023,1680134400
LZAGY,23.948572,0.0093,09-05-2023,1683590400
LBLCF,21.067654,0.0135,14-12-2023,1702512000
SCMWY,15.621032,0.040599998,30-03-2023,1680134400
CCEP,16.845387,0.0294,16-11-2023,1700092800
FICO,74.612785,NULL,NULL,NULL
JPPHY,13.611939,0.0373,28-09-2023,1695859200
MLM,28.574335,0.0058999998,30-11-2023,1701302400
MIELY,17.686749,0.022,28-09-2023,1695859200
MIELF,18.00482,0.0217,28-09-2023,1695859200
GFS,23.295275,NULL,NULL,NULL
CHBJF,2.625,0.109799996,26-06-2023,1687737600
AMADY,32.333332,NULL,NULL,NULL
TLGPY,23.363636,0.0433,30-08-2023,1693353600
DG,15.215191,0.0178,08-01-2024,1704672000
EFX,58.137444,0.0064,22-11-2023,1700611200
LYB,13.360516,0.0535,24-11-2023,1700784000
DNBBF,8.553192,0.0582,26-04-2023,1682467200
HPGLY,4.2219424,0.41369998,04-05-2023,1683158400
DNBBY,8.648305,0.057600003,26-04-2023,1682467200
HLAGF,4.203373,0.4156,04-05-2023,1683158400
LDSVF,40.485798,0.0117,24-04-2023,1682294400
ASAZY,23.413794,0.017,10-11-2023,1699574400
PDYPF,NULL,NULL,NULL,NULL
RWEOY,6.3235292,0.0241,05-05-2023,1683244800
IMO,8.465152,0.027,30-11-2023,1701302400
NGLOY,13.209302,0.056799997,17-08-2023,1692230400
SWRAY,13.991228,0.048699997,12-09-2023,1694476800
LI,122.78261,NULL,NULL,NULL
WIT,22.23077,0.0021,23-01-2024,1705968000
AAUKF,13.403508,0.0563,17-08-2023,1692230400
GWLIF,18.327585,0.0493,29-11-2023,1701216000
HVRRY,16.211563,0.0223,04-05-2023,1683158400
DLTR,24.759012,NULL,NULL,NULL
PDYPY,NULL,NULL,NULL,NULL
SGAPY,12.58042,0.0432,17-11-2023,1700179200
VMC,36.23077,0.0076,10-11-2023,1699574400
ACGL,10.436129,NULL,NULL,NULL
CDW,28.236906,0.0109,22-11-2023,1700611200
RNECF,13.862205,NULL,NULL,NULL
PEG,10.43672,0.038900003,07-12-2023,1701907200
OEZVY,10.2,0.0315,05-05-2023,1683244800
SLF,10.963441,0.0462,28-11-2023,1701129600
SNGNF,12.357143,0.045,17-11-2023,1700179200
RNECY,13.812501,NULL,NULL,NULL
HXGBY,30.728573,0.0121,03-05-2023,1683072000
APO-PA,NULL,NULL,NULL,NULL
CHT,25.273333,0.039,28-06-2023,1687910400
PWR,43.070213,0.0018000001,29-12-2023,1703808000
TGOPY,5.1220336,0.026700001,22-06-2023,1687392000
SUHJF,9.529524,0.0633,06-11-2023,1699228800
MDB,NULL,NULL,NULL,NULL
TGOPF,5.137372,NULL,NULL,NULL
HXGBF,30.742859,0.012200001,03-05-2023,1683072000
ANSS,61.050724,NULL,NULL,NULL
CTPCF,3.224138,0.0884,22-09-2023,1695340800
WEGZY,26.72,0.0101,22-12-2023,1703203200
RYAAY,11.961284,NULL,NULL,NULL
MARUY,8.962066,NULL,NULL,NULL
HUBS,NULL,NULL,NULL,NULL
HPQ,8.932515,0.0379,12-12-2023,1702339200
DTGHF,8.156691,0.0423,22-06-2023,1687392000
MARUF,8.973684,0.036,28-03-2024,1711584000
CVE,9.443038,0.028399998,14-12-2023,1702512000
BRDCY,12.103448,NULL,NULL,NULL
DSCSY,60.106384,NULL,NULL,NULL
GBOOF,9.478572,0.0747,12-10-2023,1697068800
MPWR,68.47397,0.0063,28-12-2023,1703721600
AHODF,11.189516,0.0428,11-08-2023,1691712000
FANUF,26.150944,NULL,NULL,NULL
WUXAY,23.199999,0.0121,05-06-2023,1685923200
SUHJY,9.242858,0.0652,06-11-2023,1699228800
PPCCF,9.916667,0.056399997,26-06-2023,1687737600
NPSNY,7.050114,NULL,NULL,NULL
DTRUY,8.179612,0.0422,22-06-2023,1687392000
VWDRY,NULL,NULL,NULL,NULL
DISPF,59.913795,0.0176,28-09-2023,1695859200
ANNSF,18.512026,0.028499998,02-05-2023,1682985600
SSUMF,8.351648,0.0388,28-03-2024,1711584000
VWSYF,NULL,NULL,NULL,NULL
FANUY,26.867926,NULL,NULL,NULL
GBOOY,9.370936,0.0759,19-10-2023,1697673600
ADRNY,11.19758,0.0424,11-08-2023,1691712000
IFCZF,35.081234,0.0217,14-12-2023,1702512000
BCS,4.27907,0.051799998,10-08-2023,1691625600
GOLD,520.3333,0.0256,29-11-2023,1701216000
TTWO,NULL,NULL,NULL,NULL
PUK,8.123015,0.0189,07-09-2023,1694044800
GASNY,11.163264,0.074499995,03-11-2023,1698969600
DFS,8.643872,0.028800001,21-02-2024,1708473600
NTOIF,15.525114,0.031600002,28-09-2023,1695859200
ADTTF,51.42308,0.0055,28-09-2023,1695859200
UNPRD,NULL,NULL,NULL,NULL
HRSHF,11.25,0.0293,24-07-2023,1690156800
BCLYF,4.1744184,0.053200003,10-08-2023,1691625600
NTOIY,15.413636,0.0403,28-09-2023,1695859200
TU,45.825,0.062,08-12-2023,1701993600
FANG,8.56835,0.0529,15-11-2023,1700006400
TSCDY,15.053333,0.0366,13-10-2023,1697155200
ASHTY,16.264027,0.0161,11-01-2024,1704931200
TSCDF,14.96,0.0369,12-10-2023,1697068800
PPCCY,9.778847,0.0551,26-06-2023,1687737600
CLPBY,35.875,0.026500002,08-12-2023,1701993600
EIX,21.274143,0.045700002,28-12-2023,1703721600
HSHCY,11.285714,0.028499998,21-07-2023,1689897600
XYL,45.661224,0.0117999995,20-11-2023,1700438400
BNKHF,6.5789475,0.0735,14-09-2023,1694649600
ASHTF,16.348286,0.0163,11-01-2024,1704931200
DVN,6.9795575,0.0701,14-12-2023,1702512000
CLNXF,NULL,0.0017,21-11-2023,1700524800
CLLNY,NULL,0.0016,22-11-2023,1700611200
KEYS,25.994925,NULL,NULL,NULL
ANYYY,17.84,0.0293,02-05-2023,1682985600
RYAOF,9.433963,NULL,NULL,NULL
ATEYY,52.230774,0.0057,28-09-2023,1695859200
DB,5.310204,0.025,18-05-2023,1684368000
BF-B,33.7037,0.016,30-11-2023,1701302400
BF-A,34.975307,0.0154,30-11-2023,1701302400
CAJFF,14.2418995,0.038900003,28-12-2023,1703721600
CAH,172.91803,0.019,29-12-2023,1703808000
KLBAY,40.476192,0.044299997,22-12-2023,1703203200
KNYJF,25.440414,0.0376,01-03-2023,1677628800
NET,NULL,NULL,NULL,NULL
APTPF,90.5,NULL,NULL,NULL
WEC,18.525461,0.0417,13-02-2024,1707782400
KBCSF,7.459677,0.0677,13-11-2023,1699833600
KBCSY,7.527649,0.066700004,13-11-2023,1699833600
ZBH,54.584072,0.0078,26-12-2023,1703548800
SNAP,NULL,NULL,NULL,NULL
LGRDY,21.571426,0.0207,31-05-2023,1685491200
WTW,26.53545,0.0134000005,28-12-2023,1703721600
CBRE,45.005264,NULL,NULL,NULL
NWG,4.346774,0.051999997,01-12-2023,1701388800
GLW,44.764706,0.0368,16-11-2023,1700092800
TRUMF,37.27778,0.0097,28-03-2024,1711584000
TYIDY,17.087934,NULL,NULL,NULL
TLK,16.588236,0.0438,14-06-2023,1686700800
AVB,27.37936,0.0366,28-12-2023,1703721600
DLR-PK,5.0744724,NULL,NULL,NULL
SSEZF,34.020588,NULL,NULL,NULL
SHLRF,28.90244,NULL,NULL,NULL
SDVKF,18.01818,NULL,NULL,NULL
MTD,30.581038,NULL,NULL,NULL
CAJPY,14.033334,NULL,NULL,NULL
TRUMY,38.194447,NULL,NULL,NULL
FJTSF,21.15142,NULL,NULL,NULL
SBAC,50.742855,NULL,NULL,NULL
ANPDF,19.113636,NULL,NULL,NULL
RMD,28.100977,NULL,NULL,NULL
VNNVF,NULL,NULL,NULL,NULL
SCBFY,11.441861,NULL,NULL,NULL
FUJIY,15.715,NULL,NULL,NULL
RCI,31.966444,NULL,NULL,NULL
MAHMF,16.166666,NULL,NULL,NULL
KMTUY,10.17803,NULL,NULL,NULL
AWK,25.88843,NULL,NULL,NULL
KMTUF,10.170454,NULL,NULL,NULL
FTV,31.017166,NULL,NULL,NULL
HNNMY,43.0,NULL,NULL,NULL
TLKMF,12.5,NULL,NULL,NULL
SHLAF,28.719513,NULL,NULL,NULL
BHKLY,6.2960525,NULL,NULL,NULL
CQP,4.963583,NULL,NULL,NULL
HIG,11.694635,NULL,NULL,NULL
WBD,NULL,NULL,NULL,NULL
NTIOF,10.723742,NULL,NULL,NULL
FJTSY,21.440945,NULL,NULL,NULL
ASMIY,27.69909,NULL,NULL,NULL
SDVKY,17.98182,NULL,NULL,NULL
SCBFF,11.492308,NULL,NULL,NULL
CJPRY,11.238532,NULL,NULL,NULL
TSCO,22.520468,NULL,NULL,NULL
PINS,NULL,NULL,NULL,NULL
SSEZY,33.426468,NULL,NULL,NULL
ANPDY,19.382246,NULL,NULL,NULL
SLMNP,912.0879,NULL,NULL,NULL
GIB,21.312378,NULL,NULL,NULL
HKHHF,16.99182,NULL,NULL,NULL
CHD,55.073864,NULL,NULL,NULL
AEM,9.525097,NULL,NULL,NULL
YAHOY,15.428572,NULL,NULL,NULL
ORXCF,12.204968,NULL,NULL,NULL
NTR,11.693182,NULL,NULL,NULL
RBLX,NULL,NULL,NULL,NULL
ASMXF,24.568966,NULL,NULL,NULL
YAHOF,15.190477,NULL,NULL,NULL
EC,3.929293,NULL,NULL,NULL
KNYJY,23.896906,NULL,NULL,NULL
EVGGF,22.643562,NULL,NULL,NULL
KUASF,146.35,NULL,NULL,NULL
DAL,5.199442,NULL,NULL,NULL
TEF,14.24138,NULL,NULL,NULL
HKHHY,17.028572,NULL,NULL,NULL
DNKEY,8.174545,NULL,NULL,NULL
BR,36.39254,NULL,NULL,NULL
EVVTY,22.681818,NULL,NULL,NULL
PUBGY,16.928572,NULL,NULL,NULL
WY,37.758617,NULL,NULL,NULL
DLR-PJ,4.5697145,NULL,NULL,NULL
ALNY,NULL,NULL,NULL,NULL
ELEZF,7.918288,NULL,NULL,NULL
TROW,15.59829,NULL,NULL,NULL
GRMN,23.15129,NULL,NULL,NULL
VONOY,NULL,NULL,NULL,NULL
TEFOF,14.5517235,NULL,NULL,NULL
MLYNF,10.0,NULL,NULL,NULL
PGPEF,16.598213,NULL,NULL,NULL
TCOM,26.820894,NULL,NULL,NULL
SAUHY,56.148144,NULL,NULL,NULL
VOD,2.0992737,NULL,NULL,NULL
BNTX,8.011419,NULL,NULL,NULL
SAUHF,55.0,NULL,NULL,NULL
DOGEF,NULL,NULL,NULL,NULL
MTSFY,15.442623,NULL,NULL,NULL
DNNGY,NULL,NULL,NULL,NULL
STT,13.594982,NULL,NULL,NULL
FRFHF,7.836796,NULL,NULL,NULL
FITB,10.624223,NULL,NULL,NULL
ULTA,19.155655,NULL,NULL,NULL
RJF,13.992472,NULL,NULL,NULL
VEOEF,19.306747,NULL,NULL,NULL
MBLY,NULL,NULL,NULL,NULL
SRTOY,46.7037,NULL,NULL,NULL
EQR,34.8046,NULL,NULL,NULL
RKT,6.781354,NULL,NULL,NULL
NVR,15.1743965,NULL,NULL,NULL
GWLLF,13.11111,NULL,NULL,NULL
NJDCY,51.526318,NULL,NULL,NULL
NNDNF,50.064102,NULL,NULL,NULL
WAB,30.47857,NULL,NULL,NULL
MOH,22.77321,NULL,NULL,NULL
SYM,NULL,NULL,NULL,NULL
SDMHF,44.485294,NULL,NULL,NULL
ARGNF,NULL,NULL,NULL,NULL
ARGX,NULL,NULL,NULL,NULL
CEZYY,8.764706,NULL,NULL,NULL
PHM,8.66585,NULL,NULL,NULL
TW,56.94767,NULL,NULL,NULL
APTV,9.838107,NULL,NULL,NULL
MHVYF,18.991125,NULL,NULL,NULL
ELEZY,7.955078,NULL,NULL,NULL
VEOEY,19.04878,NULL,NULL,NULL
LSRCY,74.15494,NULL,NULL,NULL
CCL,NULL,NULL,NULL,NULL
GXYEF,126.25001,NULL,NULL,NULL
PCRFY,7.395349,NULL,NULL,NULL
PCRFF,7.48062,NULL,NULL,NULL
SOAGY,57.29464,NULL,NULL,NULL
EXXRF,5.70469,NULL,NULL,NULL
OTSKF,17.055653,NULL,NULL,NULL
IX,11.811955,NULL,NULL,NULL
DTE,17.276031,NULL,NULL,NULL
GWLLY,13.870587,NULL,NULL,NULL
GXYYY,647.0,NULL,NULL,NULL
LSRCF,74.60227,NULL,NULL,NULL
MTB,7.9925456,NULL,NULL,NULL
KYOCF,28.146154,NULL,NULL,NULL
STE,40.18693,NULL,NULL,NULL
NPSCY,5.8074074,NULL,NULL,NULL
ASBFY,16.629412,NULL,NULL,NULL
FANDY,10.285088,NULL,NULL,NULL
EPOKY,23.723686,NULL,NULL,NULL
EJPRY,16.35965,NULL,NULL,NULL
BDWBF,24.833334,NULL,NULL,NULL
NISTF,5.6790123,NULL,NULL,NULL
SCHYY,NULL,NULL,NULL,NULL
MSADY,12.681528,NULL,NULL,NULL
SWDBY,6.725,NULL,NULL,NULL
GRBMF,13.857142,NULL,NULL,NULL
CMAKY,3.382653,NULL,NULL,NULL
MT,5.2908363,NULL,NULL,NULL
ARE,89.384056,NULL,NULL,NULL
MTRJF,18.105263,NULL,NULL,NULL
PHG,NULL,NULL,NULL,NULL
IMBBF,7.3749213,NULL,NULL,NULL
ETR,14.276657,NULL,NULL,NULL
EBR-B,27.028572,NULL,NULL,NULL
CCJ,104.422226,NULL,NULL,NULL
OWL,193.0,NULL,NULL,NULL
IMBBY,7.586207,NULL,NULL,NULL
OTSKY,17.043478,NULL,NULL,NULL
DCNSF,13.942675,NULL,NULL,NULL
ILMN,NULL,NULL,NULL,NULL
BRO,28.45247,NULL,NULL,NULL
SCGLF,8.872881,NULL,NULL,NULL
UNCHF,39.124134,NULL,NULL,NULL
UNICY,41.17647,NULL,NULL,NULL
SAXPY,25.06024,NULL,NULL,NULL
EBAY,8.259036,NULL,NULL,NULL
EPIAF,23.826315,NULL,NULL,NULL
SZKMY,13.552329,NULL,NULL,NULL
CRBJY,4.8127036,NULL,NULL,NULL
ALPMF,92.600006,NULL,NULL,NULL
RYLPF,NULL,NULL,NULL,NULL
ROL,53.16868,NULL,NULL,NULL
MTCPY,17.086206,NULL,NULL,NULL
SWDBF,6.77,NULL,NULL,NULL
ERIXF,NULL,NULL,NULL,NULL
WPM,39.14407,NULL,NULL,NULL
SAXPF,25.176998,NULL,NULL,NULL
KYOCY,28.826923,NULL,NULL,NULL
LYV,60.786667,NULL,NULL,NULL
AJINF,32.441666,NULL,NULL,NULL
HEI,60.611683,NULL,NULL,NULL
AONNY,68.97059,NULL,NULL,NULL
DLMAF,29.947966,NULL,NULL,NULL
HEI-A,47.62887,NULL,NULL,NULL
ZM,90.84211,NULL,NULL,NULL
FNV,30.392654,NULL,NULL,NULL
VTAGY,36.07843,NULL,NULL,NULL
DLICY,13.21656,NULL,NULL,NULL
VRSN,29.338572,NULL,NULL,NULL
NTDTY,22.936508,NULL,NULL,NULL
CLPHF,14.127273,NULL,NULL,NULL
PTC,84.805824,NULL,NULL,NULL
CICOY,3.3972602,NULL,NULL,NULL
ICLR,41.664528,NULL,NULL,NULL
TTNDF,20.990566,NULL,NULL,NULL
UPMKF,24.84054,NULL,NULL,NULL
AJINY,33.68067,NULL,NULL,NULL
CM,11.989556,NULL,NULL,NULL
INVH,41.580246,NULL,NULL,NULL
CICOF,3.448276,NULL,NULL,NULL
BLDR,14.448073,NULL,NULL,NULL
FANDF,10.6470585,NULL,NULL,NULL
SCGLY,8.669492,NULL,NULL,NULL
ERIC,NULL,NULL,NULL,NULL
SVNLY,7.876923,NULL,NULL,NULL
ANFGF,12.418406,NULL,NULL,NULL
BDWBY,24.153849,NULL,NULL,NULL
DOV,20.314129,NULL,NULL,NULL
SIRI,16.9375,NULL,NULL,NULL
ELCPF,NULL,NULL,NULL,NULL
SVNLF,7.932308,NULL,NULL,NULL
IFF,1325.3333,NULL,NULL,NULL
TDY,26.385826,NULL,NULL,NULL
FLT,22.16771,NULL,NULL,NULL
HSNGY,11.619565,NULL,NULL,NULL
ASBRF,16.753304,NULL,NULL,NULL
ALGN,56.547768,NULL,NULL,NULL
HSNGF,11.298913,NULL,NULL,NULL
FTS,17.676855,NULL,NULL,NULL
TCKRF,11.646349,NULL,NULL,NULL
SE,30.082645,NULL,NULL,NULL
FCNCA,1.8381536,NULL,NULL,NULL
JBHT,28.469913,NULL,NULL,NULL
FCNCB,1.5933735,NULL,NULL,NULL
CABJF,15.92104,NULL,NULL,NULL
CEBCF,2.8830001,NULL,NULL,NULL
SWSDF,12.705616,NULL,NULL,NULL
TTNDY,20.528301,NULL,NULL,NULL
BAX,83.91304,NULL,NULL,NULL
CBOE,27.918676,NULL,NULL,NULL
CLPHY,14.090909,NULL,NULL,NULL
HPE,9.980519,NULL,NULL,NULL
DWAHY,8.278688,NULL,NULL,NULL
EDPFY,16.130136,NULL,NULL,NULL
NOKBF,4.56,NULL,NULL,NULL
PPL,25.009617,NULL,NULL,NULL
CKHUF,5.2083335,NULL,NULL,NULL
CUK,NULL,NULL,NULL,NULL
UMC,9.045455,NULL,NULL,NULL
GPC,16.019165,NULL,NULL,NULL
KOF,15.4044,NULL,NULL,NULL
TSN,NULL,NULL,NULL,NULL
AMKAF,3.54109,NULL,NULL,NULL
EBR,24.285715,NULL,NULL,NULL
SZLMY,12.748105,NULL,NULL,NULL
STT-PD,3.416486,NULL,NULL,NULL
TECK,12.225396,NULL,NULL,NULL
NOK,4.5733333,NULL,NULL,NULL
CABGY,16.231249,NULL,NULL,NULL
GNMSF,30.221285,NULL,NULL,NULL
ES,15.991018,NULL,NULL,NULL
WBA,33.333332,NULL,NULL,NULL
SONVY,27.61039,NULL,NULL,NULL
IRM,71.1383,NULL,NULL,NULL
GMAB,30.46316,NULL,NULL,NULL
WRB,15.185484,NULL,NULL,NULL
GBERY,24.782896,NULL,NULL,NULL
LH,23.314432,NULL,NULL,NULL
YZCAY,6.01875,NULL,NULL,NULL
UWMC,42.333332,NULL,NULL,NULL
SONVF,27.099567,NULL,NULL,NULL
CKHUY,5.1979165,NULL,NULL,NULL
DRI,19.27845,NULL,NULL,NULL
MKL,10.362967,NULL,NULL,NULL
AXON,131.68718,NULL,NULL,NULL
COO,65.789474,NULL,NULL,NULL
VLTO,26.467577,NULL,NULL,NULL
K,22.659662,NULL,NULL,NULL
AVIFY,22.392857,NULL,NULL,NULL
DECK,32.365013,NULL,NULL,NULL
LGGNY,7.800971,NULL,NULL,NULL
ASX,17.166666,NULL,NULL,NULL
HIG-PG,3.4310367,NULL,NULL,NULL
EMBVF,17.916666,NULL,NULL,NULL
CTRA,8.435986,NULL,NULL,NULL
AEE,15.709751,NULL,NULL,NULL
WMG,44.390247,NULL,NULL,NULL
CHKP,22.02933,NULL,NULL,NULL
STT-PG,3.2727766,NULL,NULL,NULL
PBA,20.968943,NULL,NULL,NULL
COCSF,15.084745,NULL,NULL,NULL
KAOOY,45.52941,NULL,NULL,NULL
PFG,12.275862,NULL,NULL,NULL
PSKOF,6.469388,NULL,NULL,NULL
EXPD,23.863295,NULL,NULL,NULL
SSSGY,48.00893,NULL,NULL,NULL
CRWOF,2.5217648,NULL,NULL,NULL
AMDUF,11.492659,NULL,NULL,NULL
LGGNF,7.52439,NULL,NULL,NULL
TTDKF,33.686897,NULL,NULL,NULL
TNRSF,5.1480265,NULL,NULL,NULL
EMSHF,32.148758,NULL,NULL,NULL
MITEY,20.941175,NULL,NULL,NULL
STLD,7.1931167,NULL,NULL,NULL
TRGP,21.650919,NULL,NULL,NULL
OCPNF,49.966663,NULL,NULL,NULL
EDRVF,37.106384,NULL,NULL,NULL
PWCDF,15.221925,NULL,NULL,NULL
TTDKY,34.833332,NULL,NULL,NULL
CAOVF,5.5769234,NULL,NULL,NULL
KEY-PK,8.678788,NULL,NULL,NULL
WAT,28.482225,NULL,NULL,NULL
CLX,203.17143,NULL,NULL,NULL
REPYF,4.4808917,NULL,NULL,NULL
SMCI,39.055347,NULL,NULL,NULL
DIDIY,NULL,NULL,NULL,NULL
CHWRF,10.0,NULL,NULL,NULL
AKAM,36.359516,NULL,NULL,NULL
HBAN,10.258064,NULL,NULL,NULL
OLYMY,51.166664,NULL,NULL,NULL
BGNE,NULL,NULL,NULL,NULL
CNP,22.039682,NULL,NULL,NULL
IPXHF,6.084416,NULL,NULL,NULL
LPLA,16.255089,NULL,NULL,NULL
ERIE,44.449673,NULL,NULL,NULL
TYL,116.3054,NULL,NULL,NULL
REPYY,4.5159235,NULL,NULL,NULL
MKC-V,27.083332,NULL,NULL,NULL
NTAP,27.10185,NULL,NULL,NULL
BMRN,119.8052,NULL,NULL,NULL
NURAF,33.426968,NULL,NULL,NULL
NRILY,33.37079,NULL,NULL,NULL
NXGPF,14.569083,NULL,NULL,NULL
HOLX,40.174862,NULL,NULL,NULL
SNMRY,21.285715,NULL,NULL,NULL
ARLUF,18.595959,NULL,NULL,NULL
BOIVF,NULL,NULL,NULL,NULL
IOT,NULL,NULL,NULL,NULL
FDS,37.465645,NULL,NULL,NULL
STX,NULL,NULL,NULL,NULL
MKC,27.09583,NULL,NULL,NULL
HLBZF,8.545966,NULL,NULL,NULL
OMC,12.791848,NULL,NULL,NULL
KUBTY,12.579622,NULL,NULL,NULL
EBKDY,6.1416183,NULL,NULL,NULL
CMCLF,25.515,NULL,NULL,NULL
IPXHY,5.829005,NULL,NULL,NULL
BALL,28.921875,NULL,NULL,NULL
WNGRF,16.756578,NULL,NULL,NULL
NTRS,15.972441,NULL,NULL,NULL
SGBLY,8.1953125,NULL,NULL,NULL
WLK,14.794872,NULL,NULL,NULL
BEKE,20.83077,NULL,NULL,NULL
UCBJY,48.29032,NULL,NULL,NULL
HRL,21.131033,NULL,NULL,NULL
CHKGF,7.0720587,NULL,NULL,NULL
TERRF,16.9602,NULL,NULL,NULL
BEP,NULL,NULL,NULL,NULL
VIV,18.303572,NULL,NULL,NULL
ATO,18.537706,NULL,NULL,NULL
SUI,71.375694,NULL,NULL,NULL
HDELY,8.525821,NULL,NULL,NULL
EPAM,37.455677,NULL,NULL,NULL
RPRX,74.53846,NULL,NULL,NULL
HRNNF,21.156715,NULL,NULL,NULL
WDC,NULL,NULL,NULL,NULL
EBKOF,6.0606933,NULL,NULL,NULL
TEZNY,17.040268,NULL,NULL,NULL
SMPNY,8.487417,NULL,NULL,NULL
FMCCT,83.823524,NULL,NULL,NULL
ENTG,89.80596,NULL,NULL,NULL
LUV,37.024693,NULL,NULL,NULL
SDXAY,27.246988,NULL,NULL,NULL
KUBTF,12.1453,NULL,NULL,NULL
SDXOF,27.536232,NULL,NULL,NULL
RF,8.824645,NULL,NULL,NULL
CMS,22.220472,NULL,NULL,NULL
NPNYY,6.017857,NULL,NULL,NULL
AKRBY,14.550562,NULL,NULL,NULL
BAH,57.170403,NULL,NULL,NULL
J,24.956604,NULL,NULL,NULL
WXIBF,29.538462,NULL,NULL,NULL
NRSCF,17.413794,NULL,NULL,NULL
TELNY,23.46,NULL,NULL,NULL
SOMLF,23.610031,NULL,NULL,NULL
AKRBF,14.664804,NULL,NULL,NULL
DT,99.82759,NULL,NULL,NULL
DKNG,NULL,NULL,NULL,NULL
CNGKY,6.788889,NULL,NULL,NULL
SSLZY,9.711539,NULL,NULL,NULL
WLMIF,8.24138,NULL,NULL,NULL
FAXXF,0.13552554,NULL,NULL,NULL
JHX,33.981983,NULL,NULL,NULL
CTTAF,12.230889,NULL,NULL,NULL
FSNUY,15.888889,NULL,NULL,NULL
ESS,29.588451,NULL,NULL,NULL
NIPNF,19.223303,NULL,NULL,NULL
RIVN,NULL,NULL,NULL,NULL
SWKS,17.298532,NULL,NULL,NULL
RS,11.681608,NULL,NULL,NULL
WTCHF,110.34884,NULL,NULL,NULL
STOSF,9.23077,NULL,NULL,NULL
MAA,27.048,NULL,NULL,NULL
LW,14.168612,NULL,NULL,NULL
EG,6.9114437,NULL,NULL,NULL
L,10.989345,NULL,NULL,NULL
AVY,33.771046,NULL,NULL,NULL
SOMLY,23.2625,NULL,NULL,NULL
QBEIF,14.913432,NULL,NULL,NULL
BOLSY,17.87234,NULL,NULL,NULL
CAOVY,5.7421875,NULL,NULL,NULL
NSANF,5.0256414,NULL,NULL,NULL
FSLR,33.013573,NULL,NULL,NULL
TER,50.56744,NULL,NULL,NULL
CLPXF,7.5555553,NULL,NULL,NULL
WXXWY,26.844444,NULL,NULL,NULL
CTTAY,12.109531,NULL,NULL,NULL
HUNGF,8.651667,NULL,NULL,NULL
CE,7.8068857,NULL,NULL,NULL
EDNMY,36.860466,NULL,NULL,NULL
LNVGF,15.5,NULL,NULL,NULL
JHIUF,30.353153,NULL,NULL,NULL
IEX,25.434887,NULL,NULL,NULL
WLMIY,8.800699,NULL,NULL,NULL
JBL,21.188774,NULL,NULL,NULL
WSO,26.381016,NULL,NULL,NULL
RNMBY,29.11245,NULL,NULL,NULL
RNMBF,29.31727,NULL,NULL,NULL
MGA,15.071824,NULL,NULL,NULL
SGSOF,22.393938,NULL,NULL,NULL
SGSOY,23.416666,NULL,NULL,NULL
DUAVF,17.95476,NULL,NULL,NULL
LII,29.233047,NULL,NULL,NULL
BBY,12.262522,NULL,NULL,NULL
NSANY,4.995513,NULL,NULL,NULL
MONRY,25.748852,NULL,NULL,NULL
AIVAF,NULL,NULL,NULL,NULL
RPGRY,66.329544,NULL,NULL,NULL
NMR,17.068966,NULL,NULL,NULL
IHG,27.04816,NULL,NULL,NULL
NIOIF,NULL,NULL,NULL,NULL
CRBG,7.2477617,NULL,NULL,NULL
TXT,17.017279,NULL,NULL,NULL
GDDY,46.770565,NULL,NULL,NULL
SYF,6.797422,NULL,NULL,NULL
FXFLF,0.15056895,NULL,NULL,NULL
CSL,21.233837,NULL,NULL,NULL
DGX,19.75708,NULL,NULL,NULL
SGPYY,57.548077,NULL,NULL,NULL
NCLTF,23.380878,NULL,NULL,NULL
TME,20.261906,NULL,NULL,NULL
SNA,15.573289,NULL,NULL,NULL
LDOS,104.64762,NULL,NULL,NULL
CRZBY,6.6338797,NULL,NULL,NULL
QBIEY,15.059701,NULL,NULL,NULL
NCBDF,26.910257,NULL,NULL,NULL
KRYAF,18.791573,NULL,NULL,NULL
ESALF,43.307434,NULL,NULL,NULL
FUJHF,7.933884,NULL,NULL,NULL
GAILF,18.724138,NULL,NULL,NULL
CLPXY,6.3157897,NULL,NULL,NULL
BAM,650.6667,NULL,NULL,NULL
LNVGY,15.987421,NULL,NULL,NULL
CFG,10.41214,NULL,NULL,NULL
EQT,4.839726,NULL,NULL,NULL
AER,7.0634923,NULL,NULL,NULL
SINGF,12.368421,NULL,NULL,NULL
AVVIY,NULL,NULL,NULL,NULL
BTGOF,6.4130435,NULL,NULL,NULL
DPZ,29.23082,NULL,NULL,NULL
SGGEF,55.538464,NULL,NULL,NULL
PKG,18.87256,NULL,NULL,NULL
POAHY,3.477941,NULL,NULL,NULL
CNHI,6.7341037,NULL,NULL,NULL
SDZNY,Infinity,NULL,NULL,NULL
LOGI,39.94515,NULL,NULL,NULL
SSNC,25.008265,NULL,NULL,NULL
MGDDY,7.463956,NULL,NULL,NULL
ZTO,11.743242,NULL,NULL,NULL
HOKCF,19.640001,NULL,NULL,NULL
FWONK,32.833336,NULL,NULL,NULL
SKHSY,12.723758,NULL,NULL,NULL
TRMLF,19.851162,NULL,NULL,NULL
GEN,10.529148,NULL,NULL,NULL
POAHF,3.4647944,NULL,NULL,NULL
SYIEY,56.130432,NULL,NULL,NULL
CFG-PD,5.189578,NULL,NULL,NULL
POOL,27.870317,NULL,NULL,NULL
FWONA,29.5625,NULL,NULL,NULL
KGSPY,22.022161,NULL,NULL,NULL
FUJHY,8.066115,NULL,NULL,NULL
JRONY,18.269842,NULL,NULL,NULL
STMZF,NULL,NULL,NULL,NULL
SKHSF,12.556907,NULL,NULL,NULL
ALFVY,25.568346,NULL,NULL,NULL
CHVKF,3.4695652,NULL,NULL,NULL
AVTR,39.962963,NULL,NULL,NULL
SYIEF,55.054054,NULL,NULL,NULL
AHCHF,6.3593755,NULL,NULL,NULL
WPC,18.038462,NULL,NULL,NULL
OSAGF,NULL,NULL,NULL,NULL
AIRYY,NULL,NULL,NULL,NULL
ENPH,25.962404,NULL,NULL,NULL
AHCHY,6.468354,NULL,NULL,NULL
BSY,91.4,NULL,NULL,NULL
CF,6.9693303,NULL,NULL,NULL
SDZXF,Infinity,NULL,NULL,NULL
NVZMF,30.857143,NULL,NULL,NULL
BOUYY,11.734376,NULL,NULL,NULL
FOX,14.014634,NULL,NULL,NULL
KB,4.356562,NULL,NULL,NULL
SINGY,12.631579,NULL,NULL,NULL
SUTNY,16.333334,NULL,NULL,NULL
FOXA,15.136586,NULL,NULL,NULL
NDSN,29.955082,NULL,NULL,NULL
MGM,14.42953,NULL,NULL,NULL
VTTGF,50.769806,NULL,NULL,NULL
YUMC,19.054054,NULL,NULL,NULL
VST,11.814705,NULL,NULL,NULL
SQM,4.617165,NULL,NULL,NULL
ALB,4.0811768,NULL,NULL,NULL
ADEVF,NULL,NULL,NULL,NULL
SHG,4.889474,NULL,NULL,NULL
OMVJF,8.078101,NULL,NULL,NULL
PRDSF,24.69565,NULL,NULL,NULL
HST,19.009523,NULL,NULL,NULL
NVZMY,30.420116,NULL,NULL,NULL
CJEWY,16.97619,NULL,NULL,NULL
CJEWF,17.5625,NULL,NULL,NULL
GGG,28.052805,NULL,NULL,NULL
TPG,NULL,NULL,NULL,NULL
SGIOY,9.844,NULL,NULL,NULL
BIP,99.90322,NULL,NULL,NULL
BZLFF,21.522541,NULL,NULL,NULL
PTAIY,6.993939,NULL,NULL,NULL
PODD,118.87209,NULL,NULL,NULL
NCLTY,23.685577,NULL,NULL,NULL
FYGGY,16.428572,NULL,NULL,NULL
CKISY,13.224631,NULL,NULL,NULL
ESAIY,42.44643,NULL,NULL,NULL
XP,18.777779,NULL,NULL,NULL
CG,68.5,NULL,NULL,NULL
NEXOY,18.626507,NULL,NULL,NULL
VACNY,49.887096,NULL,NULL,NULL
BZLFY,22.199999,NULL,NULL,NULL
SJM,12920.0,NULL,NULL,NULL
RPM,26.495098,NULL,NULL,NULL
CELH,108.31251,NULL,NULL,NULL
NCBDY,26.02564,NULL,NULL,NULL
KEY-PJ,8.533334,NULL,NULL,NULL
APP,146.92857,NULL,NULL,NULL
CAG,13.960977,NULL,NULL,NULL
OTPBF,4.7986407,NULL,NULL,NULL
INCY,32.707447,NULL,NULL,NULL
PRDSY,25.326086,NULL,NULL,NULL
NXGPY,14.774725,NULL,NULL,NULL
VTRS,7.549669,NULL,NULL,NULL
ALLY,11.896321,NULL,NULL,NULL
BG,7.1733747,NULL,NULL,NULL
SUZ,3.9810605,NULL,NULL,NULL
SHZHY,22.3,NULL,NULL,NULL
KKPNF,16.52381,NULL,NULL,NULL
AMCR,14.348485,NULL,NULL,NULL
ZTCOF,6.8148146,NULL,NULL,NULL
TAP,53.41026,NULL,NULL,NULL
KKPNY,16.61905,NULL,NULL,NULL
PTBRY,10.2228565,NULL,NULL,NULL
BBSEY,9.25,NULL,NULL,NULL
NWSA,100.12501,NULL,NULL,NULL
BEN,16.238373,NULL,NULL,NULL
KHOLY,3.9622927,NULL,NULL,NULL
NWS,104.208336,NULL,NULL,NULL
NLY-PG,14.242082,NULL,NULL,NULL
OKTA,NULL,NULL,NULL,NULL
ACGLO,4.928587,NULL,NULL,NULL
VFS,NULL,NULL,NULL,NULL
NBIX,72.299995,NULL,NULL,NULL
OMVKY,7.9302325,NULL,NULL,NULL
KEY-PI,9.143435,NULL,NULL,NULL
KIM,28.394367,NULL,NULL,NULL
PBNNF,12.700001,NULL,NULL,NULL
TAP-A,54.273506,NULL,NULL,NULL
NIO,NULL,NULL,NULL,NULL
ELS,43.33544,NULL,NULL,NULL
MANH,83.23684,NULL,NULL,NULL
DQJCY,27.463415,NULL,NULL,NULL
TRU,NULL,NULL,NULL,NULL
GLPEF,7.262443,NULL,NULL,NULL
HLDCY,10.222221,NULL,NULL,NULL
NLY-PF,14.304299,NULL,NULL,NULL
FNF,30.550001,NULL,NULL,NULL
H,29.343822,NULL,NULL,NULL
MSLOY,5.41433,NULL,NULL,NULL
CPB,16.344696,NULL,NULL,NULL
OC,11.578017,NULL,NULL,NULL
WSM,14.364649,NULL,NULL,NULL
TNABY,20.522726,NULL,NULL,NULL
SMNNY,26.017857,NULL,NULL,NULL
MRO,8.098182,NULL,NULL,NULL
RVTY,62.60588,NULL,NULL,NULL
TWLO,NULL,NULL,NULL,NULL
BDOUY,10.757321,NULL,NULL,NULL
HOKCY,17.1575,NULL,NULL,NULL
BMXMF,31.090652,NULL,NULL,NULL
NICE,43.046654,NULL,NULL,NULL
KEY,15.840909,NULL,NULL,NULL
LZRFY,38.80645,NULL,NULL,NULL
CHKIF,NULL,NULL,NULL,NULL
FRFFF,0.14873421,NULL,NULL,NULL
BNTGY,18.041237,NULL,NULL,NULL
BXBLY,20.252687,NULL,NULL,NULL
RTO,33.896107,NULL,NULL,NULL
NTNX,NULL,NULL,NULL,NULL
JXHGF,24.794119,NULL,NULL,NULL
IP,16.85321,NULL,NULL,NULL
SHMDF,25.134167,NULL,NULL,NULL
TRATF,4.6140685,NULL,NULL,NULL
IFJPY,29.984127,NULL,NULL,NULL
ACI,9.361703,NULL,NULL,NULL
BURL,42.90749,NULL,NULL,NULL
GLPEY,6.81982,NULL,NULL,NULL
LNT,17.901098,NULL,NULL,NULL
JDEPF,24.67157,NULL,NULL,NULL
AZPN,NULL,NULL,NULL,NULL
LKQ,13.271709,NULL,NULL,NULL
JXHLY,24.739695,NULL,NULL,NULL
CVPBF,30.998001,NULL,NULL,NULL
DOCU,252.8,NULL,NULL,NULL
MSLOF,5.2488337,NULL,NULL,NULL
U,NULL,NULL,NULL,NULL
AGPPF,7.719008,NULL,NULL,NULL
CRERF,9.780219,NULL,NULL,NULL
CRHKY,17.644445,NULL,NULL,NULL
CRRFY,9.583333,NULL,NULL,NULL
GLPI,16.974451,NULL,NULL,NULL
UAL,4.4930553,NULL,NULL,NULL
EDU,44.968746,NULL,NULL,NULL
KAIKY,9.061372,NULL,NULL,NULL
UHAL-B,17.018618,NULL,NULL,NULL
AFRM,NULL,NULL,NULL,NULL
UHAL,17.715425,NULL,NULL,NULL
SWGNF,10.894495,NULL,NULL,NULL
TEVA,NULL,NULL,NULL,NULL
SSMXF,41.521126,NULL,NULL,NULL
IVPAF,35.339287,NULL,NULL,NULL
RF-PB,9.92949,NULL,NULL,NULL
MAA-PI,11.096756,NULL,NULL,NULL
AAVMY,4.8361206,NULL,NULL,NULL
JDHIY,48.185,NULL,NULL,NULL
CHEOY,65.840004,NULL,NULL,NULL
ZBRA,27.862417,NULL,NULL,NULL
PRYMF,16.312742,NULL,NULL,NULL
TRMB,37.04444,NULL,NULL,NULL
CHEOF,65.36545,NULL,NULL,NULL
PATH,NULL,NULL,NULL,NULL
MTUAF,24.946003,NULL,NULL,NULL
FOJCY,24.327274,NULL,NULL,NULL
RF-PC,8.871837,NULL,NULL,NULL
AMKBF,3.6114404,NULL,NULL,NULL
HGKGY,16.544117,NULL,NULL,NULL
AGR,22.620438,NULL,NULL,NULL
RSNHF,11.278261,NULL,NULL,NULL
JKHY,33.682186,NULL,NULL,NULL
IPG,13.32636,NULL,NULL,NULL
Z,NULL,NULL,NULL,NULL
ZG,NULL,NULL,NULL,NULL
LECO,25.815205,NULL,NULL,NULL
SNN,56.34,NULL,NULL,NULL
GFL,NULL,NULL,NULL,NULL
MTUAY,24.613794,NULL,NULL,NULL
SNNUF,54.8,NULL,NULL,NULL
KRTX,NULL,NULL,NULL,NULL
ROKU,NULL,NULL,NULL,NULL
JNPR,33.401787,NULL,NULL,NULL
AOS,40.402985,NULL,NULL,NULL
PRYMY,16.942308,NULL,NULL,NULL
JARLF,24.47647,NULL,NULL,NULL
EVRG,17.04054,NULL,NULL,NULL
ACM,109.25926,NULL,NULL,NULL
CKHGY,24.086958,NULL,NULL,NULL
SARTF,50.0,NULL,NULL,NULL
PANDY,18.913979,NULL,NULL,NULL
BAP,9.032141,NULL,NULL,NULL
MORN,166.86827,NULL,NULL,NULL
MTRAF,15.785139,NULL,NULL,NULL
PSTG,185.9091,NULL,NULL,NULL
ERFSF,24.573387,NULL,NULL,NULL
CLILF,20.727272,NULL,NULL,NULL
REXR,52.457146,NULL,NULL,NULL
AES,NULL,NULL,NULL,NULL
JMHLY,23.982353,NULL,NULL,NULL
DVDCF,31.774195,NULL,NULL,NULL
NHYKF,18.8,NULL,NULL,NULL
ERRAF,9.362662,NULL,NULL,NULL
REG,29.589624,NULL,NULL,NULL
DKS,13.032919,NULL,NULL,NULL
EXAS,NULL,NULL,NULL,NULL
BLD,19.380062,NULL,NULL,NULL
ESTC,NULL,NULL,NULL,NULL
NRG,NULL,NULL,NULL,NULL
ACSAF,15.8785715,NULL,NULL,NULL
ALMMF,14.815,NULL,NULL,NULL
SNMCY,15.5172415,NULL,NULL,NULL
MTHRF,35.4375,NULL,NULL,NULL
PNR,23.093851,NULL,NULL,NULL
BVVBY,23.07301,NULL,NULL,NULL
KNBWY,25.071428,NULL,NULL,NULL
CNA,9.160677,NULL,NULL,NULL
PECGF,15.581667,NULL,NULL,NULL
TFX,28.902811,NULL,NULL,NULL
ARCC,8.813853,NULL,NULL,NULL
HALFF,7.522961,NULL,NULL,NULL
NHYDY,18.933332,NULL,NULL,NULL
SAIA,35.83625,NULL,NULL,NULL
SSMXY,39.704227,NULL,NULL,NULL
JPXGY,31.828573,NULL,NULL,NULL
DVCMY,32.217743,NULL,NULL,NULL
GRAB,NULL,NULL,NULL,NULL
RICFY,NULL,NULL,NULL,NULL
CXMSF,NULL,NULL,NULL,NULL
ANGPY,7.0495048,NULL,NULL,NULL
USFD,25.555555,NULL,NULL,NULL
KAKKF,8.12821,NULL,NULL,NULL
TYNPF,18.256296,NULL,NULL,NULL
TPL,29.152657,NULL,NULL,NULL
GL,15.05686,NULL,NULL,NULL
NIABY,23.36,NULL,NULL,NULL
XROLF,NULL,NULL,NULL,NULL
TFII,21.849087,NULL,NULL,NULL
FMCQF,22.61905,NULL,NULL,NULL
RDY,18.498636,NULL,NULL,NULL
ACSAY,15.089285,NULL,NULL,NULL
BESIY,70.98396,NULL,NULL,NULL
VDMCY,12.000001,NULL,NULL,NULL
NDRBF,23.395832,NULL,NULL,NULL
VIVEF,NULL,NULL,NULL,NULL
GFI,17.328766,NULL,NULL,NULL
RYAN,95.63044,NULL,NULL,NULL
WIZEY,40.769234,NULL,NULL,NULL
AIBRF,9.681819,NULL,NULL,NULL
BKHYY,5.6771545,NULL,NULL,NULL
PAYC,33.092308,NULL,NULL,NULL
ZI,45.764706,NULL,NULL,NULL
NNGPF,27.494932,NULL,NULL,NULL
WPLCF,40.384617,NULL,NULL,NULL
NNGRY,27.472973,NULL,NULL,NULL
MTNOF,10.169492,NULL,NULL,NULL
TECH,46.263157,NULL,NULL,NULL
PFGC,26.356878,NULL,NULL,NULL
IFSUF,31.432432,NULL,NULL,NULL
LBRDB,17.362637,NULL,NULL,NULL
LBRDK,17.169231,NULL,NULL,NULL
RGA,9.922577,NULL,NULL,NULL
TSGTF,13.511111,NULL,NULL,NULL
FND,41.45174,NULL,NULL,NULL
PEAK,44.886364,NULL,NULL,NULL
SRPT,NULL,NULL,NULL,NULL
RADLY,52.307697,NULL,NULL,NULL
VIVHY,NULL,NULL,NULL,NULL
OVV,4.1033096,NULL,NULL,NULL
JBSAY,43.363636,NULL,NULL,NULL
FINMF,12.117648,NULL,NULL,NULL
LEGN,NULL,NULL,NULL,NULL
EQH,7.12069,NULL,NULL,NULL
CCHGY,15.350785,NULL,NULL,NULL
SSDOY,63.16279,NULL,NULL,NULL
BCH,8.16791,NULL,NULL,NULL
PAA,11.656716,NULL,NULL,NULL
NDEKY,18.148327,NULL,NULL,NULL
OTEX,31.914728,NULL,NULL,NULL
MDIBY,9.153847,NULL,NULL,NULL
CCK,21.327059,NULL,NULL,NULL
RNR,6.8868113,NULL,NULL,NULL
CX,NULL,NULL,NULL,NULL
COTY,28.809526,NULL,NULL,NULL
YASKF,32.23622,NULL,NULL,NULL
AIBGY,9.125,NULL,NULL,NULL
NI,17.066668,NULL,NULL,NULL
JBAXY,9.208696,NULL,NULL,NULL
CASY,22.120836,NULL,NULL,NULL
FINMY,11.802632,NULL,NULL,NULL
RNLSY,3.0121458,NULL,NULL,NULL
LAMR,26.178219,NULL,NULL,NULL
FFIV,27.452744,NULL,NULL,NULL
SBS,14.174312,NULL,NULL,NULL
JBARF,9.26087,NULL,NULL,NULL
UHS,16.57668,NULL,NULL,NULL
WES,10.250922,NULL,NULL,NULL
DOX,20.636972,NULL,NULL,NULL
X,10.30819,NULL,NULL,NULL
BXP,55.552845,NULL,NULL,NULL
AHKSF,NULL,NULL,NULL,NULL
DBX,20.621794,NULL,NULL,NULL
DINO,4.566087,NULL,NULL,NULL
EFGSY,9.979246,NULL,NULL,NULL
WPPGF,14.782258,NULL,NULL,NULL
SWRAF,14.172415,NULL,NULL,NULL
FIVE,38.49897,NULL,NULL,NULL
UTHR,12.008821,NULL,NULL,NULL
CRL,22.996746,NULL,NULL,NULL
HALMY,34.565624,NULL,NULL,NULL
ALLE,19.33386,NULL,NULL,NULL
BPHLY,12.16923,NULL,NULL,NULL
STBFY,18.483147,NULL,NULL,NULL
WRK,NULL,NULL,NULL,NULL
CPYYF,2.0634408,NULL,NULL,NULL
SCABY,22.381819,NULL,NULL,NULL
YASKY,30.807842,NULL,NULL,NULL
AEG,NULL,NULL,NULL,NULL
NI-PB,16.346529,NULL,NULL,NULL
AHKSY,NULL,NULL,NULL,NULL
MOS,8.126582,NULL,NULL,NULL
SEOAY,17.81972,NULL,NULL,NULL
HLMAF,33.875,NULL,NULL,NULL
GMXTF,18.153847,NULL,NULL,NULL
CPT,48.401962,NULL,NULL,NULL
MTNOY,9.559322,NULL,NULL,NULL
EME,19.116158,NULL,NULL,NULL
WYNN,336.53574,NULL,NULL,NULL
TOL,8.1788025,NULL,NULL,NULL
SMEGF,NULL,NULL,NULL,NULL
TLSNY,NULL,NULL,NULL,NULL
WMS,22.506712,NULL,NULL,NULL
QGEN,31.124138,NULL,NULL,NULL
MTHRY,31.625002,NULL,NULL,NULL
WJRYY,16.185772,NULL,NULL,NULL
CZMWF,31.327684,NULL,NULL,NULL
ISUZY,9.431034,NULL,NULL,NULL
CHYHY,41.48936,NULL,NULL,NULL
EMN,17.419678,NULL,NULL,NULL
WTRG,20.461113,NULL,NULL,NULL
CDAY,2208.6667,NULL,NULL,NULL
EMRAF,11.350931,NULL,NULL,NULL
CUBE,26.988096,NULL,NULL,NULL
HII,19.338114,NULL,NULL,NULL
SHTLF,NULL,NULL,NULL,NULL
CMSQF,22.635136,NULL,NULL,NULL
CPYYY,1.9490616,NULL,NULL,NULL
SKHCF,21.086315,NULL,NULL,NULL
PAG,8.977474,NULL,NULL,NULL
GNZUF,7.8333335,NULL,NULL,NULL
TBVPY,12.837133,NULL,NULL,NULL
KNBHF,18.267584,NULL,NULL,NULL
SWRBY,2.1736112,NULL,NULL,NULL
CHK,2.0574372,NULL,NULL,NULL
SMTOY,14.388889,NULL,NULL,NULL
GELYF,14.428572,NULL,NULL,NULL
CPAMF,18.8125,NULL,NULL,NULL
GBLBF,NULL,NULL,NULL,NULL
MKTX,40.353565,NULL,NULL,NULL
